{
    "annotations": {
      "list": [
        {
          "builtIn": 1,
          "datasource": {
            "type": "grafana",
            "uid": "-- Grafana --"
          },
          "enable": true,
          "hide": true,
          "iconColor": "rgba(0, 211, 255, 1)",
          "name": "Annotations & Alerts",
          "type": "dashboard"
        }
      ]
    },
    "editable": true,
    "fiscalYearStartMonth": 0,
    "graphTooltip": 0,
    "id": 10,
    "links": [],
    "panels": [
      {
        "datasource": {
          "type": "cloudwatch",
          "uid": "cdrfko74z55vkc"
        },
        "fieldConfig": {
          "defaults": {
            "color": {
              "mode": "palette-classic"
            },
            "custom": {
              "axisBorderShow": false,
              "axisCenteredZero": false,
              "axisColorMode": "text",
              "axisLabel": "Number of CPU credits spent",
              "axisPlacement": "auto",
              "barAlignment": 0,
              "drawStyle": "line",
              "fillOpacity": 0,
              "gradientMode": "none",
              "hideFrom": {
                "legend": false,
                "tooltip": false,
                "viz": false
              },
              "insertNulls": false,
              "lineInterpolation": "linear",
              "lineWidth": 2,
              "pointSize": 5,
              "scaleDistribution": {
                "type": "linear"
              },
              "showPoints": "auto",
              "spanNulls": false,
              "stacking": {
                "group": "A",
                "mode": "none"
              },
              "thresholdsStyle": {
                "mode": "off"
              }
            },
            "mappings": [],
            "thresholds": {
              "mode": "absolute",
              "steps": [
                {
                  "color": "green",
                  "value": null
                },
                {
                  "color": "red",
                  "value": 80
                }
              ]
            }
          },
          "overrides": []
        },
        "gridPos": {
          "h": 8,
          "w": 12,
          "x": 0,
          "y": 0
        },
        "id": 4,
        "options": {
          "legend": {
            "calcs": [],
            "displayMode": "list",
            "placement": "bottom",
            "showLegend": true
          },
          "tooltip": {
            "mode": "single",
            "sort": "none"
          }
        },
        "targets": [
          {
            "datasource": {
              "type": "cloudwatch",
              "uid": "cdrfko74z55vkc"
            },
            "dimensions": {
              "InstanceId": "i-095222f70ff50cdfd"
            },
            "expression": "",
            "id": "",
            "label": "",
            "logGroups": [],
            "matchExact": true,
            "metricEditorMode": 0,
            "metricName": "CPUCreditUsage",
            "metricQueryType": 0,
            "namespace": "AWS/EC2",
            "period": "",
            "queryMode": "Metrics",
            "refId": "A",
            "region": "default",
            "sqlExpression": "",
            "statistic": "Average"
          }
        ],
        "title": "EC2 Average CPU Credit Usage ",
        "type": "timeseries"
      },
      {
        "datasource": {
          "type": "cloudwatch",
          "uid": "cdrfko74z55vkc"
        },
        "description": "",
        "fieldConfig": {
          "defaults": {
            "color": {
              "mode": "palette-classic"
            },
            "custom": {
              "axisBorderShow": false,
              "axisCenteredZero": false,
              "axisColorMode": "text",
              "axisLabel": "Percentage of physical CPU time used",
              "axisPlacement": "auto",
              "barAlignment": 0,
              "drawStyle": "line",
              "fillOpacity": 0,
              "gradientMode": "none",
              "hideFrom": {
                "legend": false,
                "tooltip": false,
                "viz": false
              },
              "insertNulls": false,
              "lineInterpolation": "linear",
              "lineWidth": 2,
              "pointSize": 5,
              "scaleDistribution": {
                "type": "linear"
              },
              "showPoints": "auto",
              "spanNulls": false,
              "stacking": {
                "group": "A",
                "mode": "none"
              },
              "thresholdsStyle": {
                "mode": "off"
              }
            },
            "mappings": [],
            "thresholds": {
              "mode": "absolute",
              "steps": [
                {
                  "color": "green",
                  "value": null
                },
                {
                  "color": "red",
                  "value": 80
                }
              ]
            }
          },
          "overrides": []
        },
        "gridPos": {
          "h": 8,
          "w": 12,
          "x": 12,
          "y": 0
        },
        "id": 1,
        "options": {
          "legend": {
            "calcs": [],
            "displayMode": "list",
            "placement": "bottom",
            "showLegend": true
          },
          "tooltip": {
            "mode": "single",
            "sort": "none"
          }
        },
        "targets": [
          {
            "datasource": {
              "type": "cloudwatch",
              "uid": "cdrfko74z55vkc"
            },
            "dimensions": {
              "InstanceId": "i-095222f70ff50cdfd"
            },
            "expression": "",
            "id": "",
            "label": "",
            "logGroups": [],
            "matchExact": true,
            "metricEditorMode": 0,
            "metricName": "CPUUtilization",
            "metricQueryType": 0,
            "namespace": "AWS/EC2",
            "period": "",
            "queryMode": "Metrics",
            "refId": "A",
            "region": "default",
            "sqlExpression": "",
            "statistic": "Average"
          }
        ],
        "title": "EC2 CPU Utilization",
        "type": "timeseries"
      },
      {
        "datasource": {
          "type": "cloudwatch",
          "uid": "cdrfko74z55vkc"
        },
        "fieldConfig": {
          "defaults": {
            "color": {
              "mode": "palette-classic"
            },
            "custom": {
              "axisBorderShow": false,
              "axisCenteredZero": false,
              "axisColorMode": "text",
              "axisLabel": "Number of bytes received",
              "axisPlacement": "left",
              "barAlignment": 0,
              "drawStyle": "line",
              "fillOpacity": 0,
              "gradientMode": "none",
              "hideFrom": {
                "legend": false,
                "tooltip": false,
                "viz": false
              },
              "insertNulls": false,
              "lineInterpolation": "linear",
              "lineWidth": 2,
              "pointSize": 5,
              "scaleDistribution": {
                "type": "linear"
              },
              "showPoints": "auto",
              "spanNulls": false,
              "stacking": {
                "group": "A",
                "mode": "none"
              },
              "thresholdsStyle": {
                "mode": "off"
              }
            },
            "mappings": [],
            "thresholds": {
              "mode": "absolute",
              "steps": [
                {
                  "color": "green",
                  "value": null
                },
                {
                  "color": "red",
                  "value": 80
                }
              ]
            }
          },
          "overrides": []
        },
        "gridPos": {
          "h": 8,
          "w": 12,
          "x": 0,
          "y": 8
        },
        "id": 2,
        "options": {
          "legend": {
            "calcs": [],
            "displayMode": "list",
            "placement": "bottom",
            "showLegend": true
          },
          "timezone": [
            ""
          ],
          "tooltip": {
            "mode": "single",
            "sort": "none"
          }
        },
        "targets": [
          {
            "datasource": {
              "type": "cloudwatch",
              "uid": "cdrfko74z55vkc"
            },
            "dimensions": {
              "InstanceId": "i-095222f70ff50cdfd"
            },
            "expression": "",
            "id": "",
            "label": "",
            "logGroups": [],
            "matchExact": true,
            "metricEditorMode": 0,
            "metricName": "NetworkIn",
            "metricQueryType": 0,
            "namespace": "AWS/EC2",
            "period": "",
            "queryMode": "Metrics",
            "refId": "A",
            "region": "default",
            "sqlExpression": "",
            "statistic": "Average"
          }
        ],
        "title": "EC2 Network In",
        "type": "timeseries"
      },
      {
        "datasource": {
          "type": "cloudwatch",
          "uid": "cdrfko74z55vkc"
        },
        "fieldConfig": {
          "defaults": {
            "color": {
              "mode": "palette-classic"
            },
            "custom": {
              "axisBorderShow": false,
              "axisCenteredZero": false,
              "axisColorMode": "text",
              "axisLabel": "Number of bytes sent",
              "axisPlacement": "auto",
              "barAlignment": 0,
              "drawStyle": "line",
              "fillOpacity": 0,
              "gradientMode": "none",
              "hideFrom": {
                "legend": false,
                "tooltip": false,
                "viz": false
              },
              "insertNulls": false,
              "lineInterpolation": "linear",
              "lineWidth": 2,
              "pointSize": 5,
              "scaleDistribution": {
                "type": "linear"
              },
              "showPoints": "auto",
              "spanNulls": false,
              "stacking": {
                "group": "A",
                "mode": "none"
              },
              "thresholdsStyle": {
                "mode": "off"
              }
            },
            "mappings": [],
            "thresholds": {
              "mode": "absolute",
              "steps": [
                {
                  "color": "green",
                  "value": null
                },
                {
                  "color": "red",
                  "value": 80
                }
              ]
            }
          },
          "overrides": []
        },
        "gridPos": {
          "h": 8,
          "w": 12,
          "x": 12,
          "y": 8
        },
        "id": 3,
        "options": {
          "legend": {
            "calcs": [],
            "displayMode": "list",
            "placement": "bottom",
            "showLegend": true
          },
          "tooltip": {
            "mode": "single",
            "sort": "none"
          }
        },
        "targets": [
          {
            "datasource": {
              "type": "cloudwatch",
              "uid": "cdrfko74z55vkc"
            },
            "dimensions": {
              "InstanceId": "i-095222f70ff50cdfd"
            },
            "expression": "",
            "id": "",
            "label": "",
            "logGroups": [],
            "matchExact": true,
            "metricEditorMode": 0,
            "metricName": "NetworkOut",
            "metricQueryType": 0,
            "namespace": "AWS/EC2",
            "period": "",
            "queryMode": "Metrics",
            "refId": "A",
            "region": "default",
            "sqlExpression": "",
            "statistic": "Average"
          }
        ],
        "title": "EC2 Network Out",
        "type": "timeseries"
      }
    ],
    "refresh": "",
    "schemaVersion": 39,
    "tags": [],
    "templating": {
      "list": []
    },
    "time": {
      "from": "now-6h",
      "to": "now"
    },
    "timepicker": {},
    "timezone": "browser",
    "title": "Infrastructure Monitoring: EC2",
    "uid": "fdrwztknfgvswe",
    "version": 12,
    "weekStart": ""
  }