{
    "annotations": {
      "list": [
        {
          "builtIn": 1,
          "datasource": {
            "type": "grafana",
            "uid": "-- Grafana --"
          },
          "enable": true,
          "hide": true,
          "iconColor": "rgba(0, 211, 255, 1)",
          "name": "Annotations & Alerts",
          "type": "dashboard"
        }
      ]
    },
    "editable": true,
    "fiscalYearStartMonth": 0,
    "graphTooltip": 0,
    "id": 5,
    "links": [],
    "panels": [
      {
        "datasource": {
          "type": "cloudwatch",
          "uid": "cdrfko74z55vkc"
        },
        "fieldConfig": {
          "defaults": {
            "color": {
              "fixedColor": "blue",
              "mode": "fixed"
            },
            "custom": {
              "axisBorderShow": false,
              "axisCenteredZero": false,
              "axisColorMode": "text",
              "axisLabel": "Number of Errors",
              "axisPlacement": "auto",
              "barAlignment": 0,
              "drawStyle": "line",
              "fillOpacity": 20,
              "gradientMode": "none",
              "hideFrom": {
                "legend": false,
                "tooltip": false,
                "viz": false
              },
              "insertNulls": false,
              "lineInterpolation": "linear",
              "lineWidth": 3,
              "pointSize": 5,
              "scaleDistribution": {
                "type": "linear"
              },
              "showPoints": "auto",
              "spanNulls": false,
              "stacking": {
                "group": "A",
                "mode": "none"
              },
              "thresholdsStyle": {
                "mode": "off"
              }
            },
            "mappings": [],
            "thresholds": {
              "mode": "absolute",
              "steps": [
                {
                  "color": "green",
                  "value": null
                },
                {
                  "color": "red",
                  "value": 80
                }
              ]
            }
          },
          "overrides": []
        },
        "gridPos": {
          "h": 8,
          "w": 12,
          "x": 0,
          "y": 0
        },
        "id": 4,
        "options": {
          "legend": {
            "calcs": [],
            "displayMode": "list",
            "placement": "bottom",
            "showLegend": true
          },
          "timezone": [
            "utc"
          ],
          "tooltip": {
            "mode": "single",
            "sort": "none"
          }
        },
        "targets": [
          {
            "datasource": {
              "type": "cloudwatch",
              "uid": "cdrfko74z55vkc"
            },
            "dimensions": {
              "FunctionName": "bbb-ETL"
            },
            "expression": "",
            "id": "",
            "label": "",
            "logGroups": [],
            "matchExact": true,
            "metricEditorMode": 0,
            "metricName": "Errors",
            "metricQueryType": 0,
            "namespace": "AWS/Lambda",
            "period": "",
            "queryMode": "Metrics",
            "refId": "A",
            "region": "default",
            "sqlExpression": "",
            "statistic": "Maximum"
          }
        ],
        "title": "Errors-max-ETL-lambda",
        "type": "timeseries"
      },
      {
        "datasource": {
          "type": "cloudwatch",
          "uid": "cdrfko74z55vkc"
        },
        "fieldConfig": {
          "defaults": {
            "color": {
              "fixedColor": "blue",
              "mode": "fixed"
            },
            "custom": {
              "axisBorderShow": false,
              "axisCenteredZero": false,
              "axisColorMode": "text",
              "axisLabel": "Number of Invocations",
              "axisPlacement": "auto",
              "barAlignment": 0,
              "drawStyle": "line",
              "fillOpacity": 20,
              "gradientMode": "scheme",
              "hideFrom": {
                "legend": false,
                "tooltip": false,
                "viz": false
              },
              "insertNulls": false,
              "lineInterpolation": "linear",
              "lineWidth": 3,
              "pointSize": 5,
              "scaleDistribution": {
                "type": "linear"
              },
              "showPoints": "auto",
              "spanNulls": false,
              "stacking": {
                "group": "A",
                "mode": "none"
              },
              "thresholdsStyle": {
                "mode": "off"
              }
            },
            "mappings": [],
            "thresholds": {
              "mode": "absolute",
              "steps": [
                {
                  "color": "green",
                  "value": null
                },
                {
                  "color": "red",
                  "value": 80
                }
              ]
            }
          },
          "overrides": []
        },
        "gridPos": {
          "h": 8,
          "w": 12,
          "x": 12,
          "y": 0
        },
        "id": 5,
        "options": {
          "legend": {
            "calcs": [],
            "displayMode": "hidden",
            "placement": "right",
            "showLegend": false
          },
          "tooltip": {
            "mode": "single",
            "sort": "none"
          }
        },
        "pluginVersion": "11.1.0",
        "targets": [
          {
            "datasource": {
              "type": "cloudwatch",
              "uid": "cdrfko74z55vkc"
            },
            "dimensions": {
              "FunctionName": "bbb-ETL"
            },
            "expression": "",
            "id": "",
            "label": "",
            "logGroups": [],
            "matchExact": true,
            "metricEditorMode": 0,
            "metricName": "Invocations",
            "metricQueryType": 0,
            "namespace": "AWS/Lambda",
            "period": "",
            "queryMode": "Metrics",
            "refId": "A",
            "region": "default",
            "sqlExpression": "",
            "statistic": "Sum"
          }
        ],
        "title": "Number of Invocations of the ETL Lambda ",
        "type": "timeseries"
      },
      {
        "datasource": {
          "type": "cloudwatch",
          "uid": "cdrfko74z55vkc"
        },
        "description": "",
        "fieldConfig": {
          "defaults": {
            "color": {
              "fixedColor": "blue",
              "mode": "fixed"
            },
            "custom": {
              "axisBorderShow": false,
              "axisCenteredZero": false,
              "axisColorMode": "text",
              "axisLabel": "Duration in m/s",
              "axisPlacement": "auto",
              "barAlignment": 0,
              "drawStyle": "line",
              "fillOpacity": 20,
              "gradientMode": "none",
              "hideFrom": {
                "legend": false,
                "tooltip": false,
                "viz": false
              },
              "insertNulls": false,
              "lineInterpolation": "linear",
              "lineStyle": {
                "fill": "solid"
              },
              "lineWidth": 3,
              "pointSize": 5,
              "scaleDistribution": {
                "type": "linear"
              },
              "showPoints": "auto",
              "spanNulls": false,
              "stacking": {
                "group": "A",
                "mode": "none"
              },
              "thresholdsStyle": {
                "mode": "off"
              }
            },
            "mappings": [],
            "thresholds": {
              "mode": "absolute",
              "steps": [
                {
                  "color": "green",
                  "value": null
                },
                {
                  "color": "red",
                  "value": 80
                }
              ]
            }
          },
          "overrides": []
        },
        "gridPos": {
          "h": 8,
          "w": 12,
          "x": 0,
          "y": 8
        },
        "id": 3,
        "options": {
          "legend": {
            "calcs": [],
            "displayMode": "list",
            "placement": "bottom",
            "showLegend": true
          },
          "tooltip": {
            "mode": "single",
            "sort": "none"
          }
        },
        "pluginVersion": "11.1.0",
        "targets": [
          {
            "datasource": {
              "type": "cloudwatch",
              "uid": "cdrfko74z55vkc"
            },
            "dimensions": {
              "FunctionName": "bbb-ETL"
            },
            "expression": "",
            "id": "",
            "label": "",
            "logGroups": [],
            "matchExact": true,
            "metricEditorMode": 0,
            "metricName": "Duration",
            "metricQueryType": 0,
            "namespace": "AWS/Lambda",
            "period": "",
            "queryMode": "Metrics",
            "refId": "A",
            "region": "default",
            "sqlExpression": "",
            "statistic": "Average"
          }
        ],
        "title": "Average Duration of the ETL lambda in m/s",
        "type": "timeseries"
      }
    ],
    "refresh": "",
    "schemaVersion": 39,
    "tags": [],
    "templating": {
      "list": []
    },
    "time": {
      "from": "now-6h",
      "to": "now"
    },
    "timepicker": {},
    "timezone": "browser",
    "title": "Infrastructure Monitoring: Lambda",
    "uid": "fdrfp7ec205xcf",
    "version": 29,
    "weekStart": ""
  }